index,video,status,seconds,returncode
1,/Users/vineelap/Documents/piglets_detection/latest-data/Pen5_11_July/2026-07-11__06_30_06#M.mp4,ok,854.4,0
2,/Users/vineelap/Documents/piglets_detection/latest-data/Pen5_11_July/2026-07-11__07_00_07#M.mp4,ok,889.5,0
3,/Users/vineelap/Documents/piglets_detection/latest-data/Pen5_11_July/2026-07-11__07_30_07#M.mp4,ok,868.3,0
4,/Users/vineelap/Documents/piglets_detection/latest-data/Pen5_11_July/2026-07-11__08_00_07#M.mp4,ok,863.7,0
5,/Users/vineelap/Documents/piglets_detection/latest-data/Pen5_11_July/2026-07-11__08_30_07#M.mp4,ok,872.3,0
6,/Users/vineelap/Documents/piglets_detection/latest-data/Pen5_11_July/2026-07-11__09_00_07#M.mp4,ok,867.8,0
7,/Users/vineelap/Documents/piglets_detection/latest-data/Pen5_11_July/2026-07-11__09_30_07#M.mp4,ok,904.6,0
8,/Users/vineelap/Documents/piglets_detection/latest-data/Pen5_11_July/2026-07-11__10_00_08#M.mp4,ok,905.9,0
9,/Users/vineelap/Documents/piglets_detection/latest-data/Pen5_11_July/2026-07-11__13_00_04#M.mp4,ok,900.8,0
10,/Users/vineelap/Documents/piglets_detection/latest-data/Pen5_11_July/2026-07-11__13_30_04#M.mp4,ok,877.2,0
11,/Users/vineelap/Documents/piglets_detection/latest-data/Pen5_11_July/2026-07-11__14_00_04#M.mp4,ok,986.3,0
12,/Users/vineelap/Documents/piglets_detection/latest-data/Pen5_11_July/2026-07-11__14_30_04#M.mp4,ok,844.4,0
13,/Users/vineelap/Documents/piglets_detection/latest-data/Pen5_11_July/2026-07-11__15_00_04#M.mp4,ok,841.0,0
14,/Users/vineelap/Documents/piglets_detection/latest-data/Pen5_11_July/2026-07-11__15_30_05#M.mp4,ok,848.0,0
15,/Users/vineelap/Documents/piglets_detection/latest-data/Pen5_11_July/2026-07-11__16_00_05#M.mp4,ok,835.0,0
