video,frames_processed,tracks,feeding_events,identified_events,id_rate,device
2026-07-10__08_00_06#M,19703,2646,156,91,0.5833,
2026-07-10__08_30_06#M,19735,1628,81,21,0.2593,
2026-07-10__09_00_07#M,19727,594,17,9,0.5294,
2026-07-10__09_30_07#M,19718,800,13,10,0.7692,
2026-07-10__10_00_07#M,19707,1348,26,21,0.8077,
2026-07-10__10_30_07#M,19699,1413,15,13,0.8667,
2026-07-10__11_00_07#M,19733,1130,35,21,0.6,
2026-07-11__06_30_05#M,19712,1364,114,78,0.6842,
2026-07-11__07_00_05#M,19704,1638,104,79,0.7596,
2026-07-11__07_30_05#M,19732,578,37,34,0.9189,
2026-07-11__08_00_05#M,19721,527,26,15,0.5769,
2026-07-11__08_30_05#M,19713,524,12,11,0.9167,
2026-07-11__09_00_05#M,19707,616,11,6,0.5455,
2026-07-11__09_30_06#M,19699,1590,53,38,0.717,
2026-07-12__06_30_04#M,19734,1602,95,21,0.2211,
2026-07-12__07_00_04#M,19728,2460,158,90,0.5696,
2026-07-12__07_30_04#M,19716,715,57,15,0.2632,
2026-07-12__08_00_04#M,19709,608,39,23,0.5897,
2026-07-12__08_30_04#M,19700,685,39,6,0.1538,
2026-07-12__09_00_05#M,19731,950,22,12,0.5455,
2026-07-12__09_30_05#M,19726,1798,34,27,0.7941,
2026-07-13__08_00_08#M,19701,1043,168,42,0.25,
2026-07-13__08_30_08#M,19730,886,183,5,0.0273,
2026-07-13__09_00_08#M,19722,624,116,10,0.0862,
2026-07-13__09_30_09#M,19661,961,39,25,0.641,
2026-07-13__10_00_04#M,19735,1124,29,10,0.3448,
2026-07-13__10_30_04#M,19726,1627,33,14,0.4242,
2026-07-13__11_00_04#M,19719,470,8,0,0.0,
2026-07-14__08_00_07#M,19712,1355,119,60,0.5042,
2026-07-14__08_30_07#M,19699,901,8,4,0.5,
2026-07-14__09_00_07#M,19725,336,3,1,0.3333,
2026-07-14__09_30_07#M,19711,405,5,3,0.6,
2026-07-14__10_00_08#M,19699,601,8,2,0.25,
