image_path,pig_id,pen,source_video,visibility,status,source_type
/Users/vineelap/Documents/piglets_detection/latest-data/Pigs marking (1)/11.jpeg,11,,,clear,labeled,reference
/Users/vineelap/Documents/piglets_detection/latest-data/Pigs marking (1)/11_1.jpeg,11,,,clear,labeled,reference
/Users/vineelap/Documents/piglets_detection/latest-data/Pigs marking (1)/11_2.jpeg,11,,,clear,labeled,reference
/Users/vineelap/Documents/piglets_detection/latest-data/Pigs marking (1)/12.jpeg,12,,,clear,labeled,reference
/Users/vineelap/Documents/piglets_detection/latest-data/Pigs marking (1)/12_1.jpeg,12,,,clear,labeled,reference
/Users/vineelap/Documents/piglets_detection/latest-data/Pigs marking (1)/12_2.jpeg,12,,,clear,labeled,reference
/Users/vineelap/Documents/piglets_detection/latest-data/Pigs marking (1)/13.jpeg,13,,,clear,labeled,reference
/Users/vineelap/Documents/piglets_detection/latest-data/Pigs marking (1)/2.jpeg,2,,,clear,labeled,reference
/Users/vineelap/Documents/piglets_detection/latest-data/Pigs marking (1)/2_1.jpeg,2,,,clear,labeled,reference
/Users/vineelap/Documents/piglets_detection/latest-data/Pigs marking (1)/3.jpeg,3,,,clear,labeled,reference
/Users/vineelap/Documents/piglets_detection/latest-data/Pigs marking (1)/5.jpeg,5,,,clear,labeled,reference
/Users/vineelap/Documents/piglets_detection/latest-data/Pigs marking (1)/6.jpeg,6,,,clear,labeled,reference
/Users/vineelap/Documents/piglets_detection/latest-data/Pigs marking (1)/6_1.jpeg,6,,,clear,labeled,reference
/Users/vineelap/Documents/piglets_detection/latest-data/Pigs marking (1)/6_2.jpeg,6,,,clear,labeled,reference
/Users/vineelap/Documents/piglets_detection/latest-data/Pigs marking (1)/8.jpeg,8,,,clear,labeled,reference
/Users/vineelap/Documents/piglets_detection/latest-data/Pigs marking (1)/WhatsApp Image 2026-07-06 at 1.40.18 PM (11).jpeg,7,,,clear,labeled,reference
/Users/vineelap/Documents/piglets_detection/latest-data/Pigs marking (1)/WhatsApp Image 2026-07-06 at 1.40.18 PM (18).jpeg,8,,,clear,labeled,reference
/Users/vineelap/Documents/piglets_detection/latest-data/Pigs marking (1)/WhatsApp Image 2026-07-06 at 1.40.18 PM (19).jpeg,13,,,clear,labeled,reference
/Users/vineelap/Documents/piglets_detection/latest-data/Pigs marking (1)/WhatsApp Image 2026-07-06 at 1.40.18 PM (20).jpeg,14,,,clear,labeled,reference
/Users/vineelap/Documents/piglets_detection/latest-data/Pigs marking (1)/WhatsApp Image 2026-07-06 at 1.40.18 PM (21).jpeg,5,,,clear,labeled,reference
/Users/vineelap/Documents/piglets_detection/latest-data/Pigs marking (1)/WhatsApp Image 2026-07-06 at 1.40.18 PM (22).jpeg,2,,,clear,labeled,reference
/Users/vineelap/Documents/piglets_detection/latest-data/Pigs marking (1)/WhatsApp Image 2026-07-06 at 1.40.18 PM (23).jpeg,5,,,clear,labeled,reference
/Users/vineelap/Documents/piglets_detection/latest-data/Pigs marking (1)/WhatsApp Image 2026-07-06 at 1.40.18 PM (24).jpeg,13,,,clear,labeled,reference
/Users/vineelap/Documents/piglets_detection/latest-data/Pigs marking (1)/WhatsApp Image 2026-07-06 at 1.40.18 PM (25).jpeg,12,,,clear,labeled,reference
/Users/vineelap/Documents/piglets_detection/latest-data/Pigs marking (1)/WhatsApp Image 2026-07-06 at 1.40.18 PM (26).jpeg,5,,,clear,labeled,reference
/Users/vineelap/Documents/piglets_detection/latest-data/Pigs marking (1)/WhatsApp Image 2026-07-06 at 1.40.18 PM (27).jpeg,8,,,clear,labeled,reference
/Users/vineelap/Documents/piglets_detection/latest-data/Pigs marking (1)/WhatsApp Image 2026-07-06 at 1.40.18 PM (28).jpeg,7,,,clear,labeled,reference
/Users/vineelap/Documents/piglets_detection/latest-data/Pigs marking (1)/WhatsApp Image 2026-07-06 at 1.40.18 PM (29).jpeg,9,,,clear,labeled,reference
/Users/vineelap/Documents/piglets_detection/latest-data/Pigs marking (1)/WhatsApp Image 2026-07-06 at 1.40.18 PM (30).jpeg,4,,,clear,labeled,reference
/Users/vineelap/Documents/piglets_detection/latest-data/Pigs marking (1)/WhatsApp Image 2026-07-06 at 1.40.18 PM (4).jpeg,7,,,clear,labeled,reference
/Users/vineelap/Documents/piglets_detection/latest-data/Pigs marking (1)/WhatsApp Image 2026-07-06 at 1.40.18 PM.jpeg,10,,,clear,labeled,reference
/Users/vineelap/Documents/piglets_detection/latest-data/Pigs marking (1)/WhatsApp Image 2026-07-06 at 1.40.19 PM (1).jpeg,17,,,clear,labeled,reference
/Users/vineelap/Documents/piglets_detection/latest-data/Pigs marking (1)/WhatsApp Image 2026-07-06 at 1.40.19 PM (10).jpeg,2,,,clear,labeled,reference
/Users/vineelap/Documents/piglets_detection/latest-data/Pigs marking (1)/WhatsApp Image 2026-07-06 at 1.40.19 PM (11).jpeg,3,,,clear,labeled,reference
/Users/vineelap/Documents/piglets_detection/latest-data/Pigs marking (1)/WhatsApp Image 2026-07-06 at 1.40.19 PM (12).jpeg,12,,,clear,labeled,reference
/Users/vineelap/Documents/piglets_detection/latest-data/Pigs marking (1)/WhatsApp Image 2026-07-06 at 1.40.19 PM (13).jpeg,13,,,clear,labeled,reference
/Users/vineelap/Documents/piglets_detection/latest-data/Pigs marking (1)/WhatsApp Image 2026-07-06 at 1.40.19 PM (14).jpeg,12,,,clear,labeled,reference
/Users/vineelap/Documents/piglets_detection/latest-data/Pigs marking (1)/WhatsApp Image 2026-07-06 at 1.40.19 PM (15).jpeg,10,,,clear,labeled,reference
/Users/vineelap/Documents/piglets_detection/latest-data/Pigs marking (1)/WhatsApp Image 2026-07-06 at 1.40.19 PM (16).jpeg,13,,,clear,labeled,reference
/Users/vineelap/Documents/piglets_detection/latest-data/Pigs marking (1)/WhatsApp Image 2026-07-06 at 1.40.19 PM (17).jpeg,10,,,clear,labeled,reference
/Users/vineelap/Documents/piglets_detection/latest-data/Pigs marking (1)/WhatsApp Image 2026-07-06 at 1.40.19 PM (18).jpeg,8,,,clear,labeled,reference
/Users/vineelap/Documents/piglets_detection/latest-data/Pigs marking (1)/WhatsApp Image 2026-07-06 at 1.40.19 PM (19).jpeg,12,,,clear,labeled,reference
/Users/vineelap/Documents/piglets_detection/latest-data/Pigs marking (1)/WhatsApp Image 2026-07-06 at 1.40.19 PM (2).jpeg,9,,,clear,labeled,reference
/Users/vineelap/Documents/piglets_detection/latest-data/Pigs marking (1)/WhatsApp Image 2026-07-06 at 1.40.19 PM (20).jpeg,4,,,clear,labeled,reference
/Users/vineelap/Documents/piglets_detection/latest-data/Pigs marking (1)/WhatsApp Image 2026-07-06 at 1.40.19 PM (21).jpeg,10,,,clear,labeled,reference
/Users/vineelap/Documents/piglets_detection/latest-data/Pigs marking (1)/WhatsApp Image 2026-07-06 at 1.40.19 PM (22).jpeg,11,,,clear,labeled,reference
/Users/vineelap/Documents/piglets_detection/latest-data/Pigs marking (1)/WhatsApp Image 2026-07-06 at 1.40.19 PM (23).jpeg,2,,,clear,labeled,reference
/Users/vineelap/Documents/piglets_detection/latest-data/Pigs marking (1)/WhatsApp Image 2026-07-06 at 1.40.19 PM (24).jpeg,12,,,clear,labeled,reference
/Users/vineelap/Documents/piglets_detection/latest-data/Pigs marking (1)/WhatsApp Image 2026-07-06 at 1.40.19 PM (25).jpeg,8,,,clear,labeled,reference
/Users/vineelap/Documents/piglets_detection/latest-data/Pigs marking (1)/WhatsApp Image 2026-07-06 at 1.40.19 PM (26).jpeg,11,,,clear,labeled,reference
/Users/vineelap/Documents/piglets_detection/latest-data/Pigs marking (1)/WhatsApp Image 2026-07-06 at 1.40.19 PM (27).jpeg,8,,,clear,labeled,reference
/Users/vineelap/Documents/piglets_detection/latest-data/Pigs marking (1)/WhatsApp Image 2026-07-06 at 1.40.19 PM (28).jpeg,13,,,clear,labeled,reference
/Users/vineelap/Documents/piglets_detection/latest-data/Pigs marking (1)/WhatsApp Image 2026-07-06 at 1.40.19 PM (29).jpeg,10,,,clear,labeled,reference
/Users/vineelap/Documents/piglets_detection/latest-data/Pigs marking (1)/WhatsApp Image 2026-07-06 at 1.40.19 PM (3).jpeg,4,,,clear,labeled,reference
/Users/vineelap/Documents/piglets_detection/latest-data/Pigs marking (1)/WhatsApp Image 2026-07-06 at 1.40.19 PM (4).jpeg,9,,,clear,labeled,reference
/Users/vineelap/Documents/piglets_detection/latest-data/Pigs marking (1)/WhatsApp Image 2026-07-06 at 1.40.19 PM (5).jpeg,10,,,clear,labeled,reference
/Users/vineelap/Documents/piglets_detection/latest-data/Pigs marking (1)/WhatsApp Image 2026-07-06 at 1.40.19 PM (6).jpeg,5,,,clear,labeled,reference
/Users/vineelap/Documents/piglets_detection/latest-data/Pigs marking (1)/WhatsApp Image 2026-07-06 at 1.40.19 PM (7).jpeg,13,,,clear,labeled,reference
/Users/vineelap/Documents/piglets_detection/latest-data/Pigs marking (1)/WhatsApp Image 2026-07-06 at 1.40.19 PM (8).jpeg,3,,,clear,labeled,reference
/Users/vineelap/Documents/piglets_detection/latest-data/Pigs marking (1)/WhatsApp Image 2026-07-06 at 1.40.19 PM (9).jpeg,11,,,clear,labeled,reference
/Users/vineelap/Documents/piglets_detection/latest-data/Pigs marking (1)/WhatsApp Image 2026-07-06 at 1.40.19 PM.jpeg,11,,,clear,labeled,reference
/Users/vineelap/Documents/piglets_detection/piglet-detection-main/artifacts/smoke_pen4_clean/identity_crops/2026-07-18__09_00_06+2026-07-18__09_30_01#S#H/track_10_frame_0.jpg,,,2026-07-18__09_00_06+2026-07-18__09_30_01#S#H,,unlabeled,track_crop
/Users/vineelap/Documents/piglets_detection/piglet-detection-main/artifacts/smoke_pen4_clean/identity_crops/2026-07-18__09_00_06+2026-07-18__09_30_01#S#H/track_10_frame_10.jpg,,,2026-07-18__09_00_06+2026-07-18__09_30_01#S#H,,unlabeled,track_crop
/Users/vineelap/Documents/piglets_detection/piglet-detection-main/artifacts/smoke_pen4_clean/identity_crops/2026-07-18__09_00_06+2026-07-18__09_30_01#S#H/track_10_frame_20.jpg,,,2026-07-18__09_00_06+2026-07-18__09_30_01#S#H,,unlabeled,track_crop
/Users/vineelap/Documents/piglets_detection/piglet-detection-main/artifacts/smoke_pen4_clean/identity_crops/2026-07-18__09_00_06+2026-07-18__09_30_01#S#H/track_10_frame_30.jpg,,,2026-07-18__09_00_06+2026-07-18__09_30_01#S#H,,unlabeled,track_crop
/Users/vineelap/Documents/piglets_detection/piglet-detection-main/artifacts/smoke_pen4_clean/identity_crops/2026-07-18__09_00_06+2026-07-18__09_30_01#S#H/track_10_frame_40.jpg,,,2026-07-18__09_00_06+2026-07-18__09_30_01#S#H,,unlabeled,track_crop
/Users/vineelap/Documents/piglets_detection/piglet-detection-main/artifacts/smoke_pen4_clean/identity_crops/2026-07-18__09_00_06+2026-07-18__09_30_01#S#H/track_14_frame_10.jpg,,,2026-07-18__09_00_06+2026-07-18__09_30_01#S#H,,unlabeled,track_crop
/Users/vineelap/Documents/piglets_detection/piglet-detection-main/artifacts/smoke_pen4_clean/identity_crops/2026-07-18__09_00_06+2026-07-18__09_30_01#S#H/track_14_frame_20.jpg,,,2026-07-18__09_00_06+2026-07-18__09_30_01#S#H,,unlabeled,track_crop
/Users/vineelap/Documents/piglets_detection/piglet-detection-main/artifacts/smoke_pen4_clean/identity_crops/2026-07-18__09_00_06+2026-07-18__09_30_01#S#H/track_14_frame_30.jpg,,,2026-07-18__09_00_06+2026-07-18__09_30_01#S#H,,unlabeled,track_crop
/Users/vineelap/Documents/piglets_detection/piglet-detection-main/artifacts/smoke_pen4_clean/identity_crops/2026-07-18__09_00_06+2026-07-18__09_30_01#S#H/track_1_frame_0.jpg,,,2026-07-18__09_00_06+2026-07-18__09_30_01#S#H,,unlabeled,track_crop
/Users/vineelap/Documents/piglets_detection/piglet-detection-main/artifacts/smoke_pen4_clean/identity_crops/2026-07-18__09_00_06+2026-07-18__09_30_01#S#H/track_1_frame_10.jpg,,,2026-07-18__09_00_06+2026-07-18__09_30_01#S#H,,unlabeled,track_crop
/Users/vineelap/Documents/piglets_detection/piglet-detection-main/artifacts/smoke_pen4_clean/identity_crops/2026-07-18__09_00_06+2026-07-18__09_30_01#S#H/track_1_frame_20.jpg,,,2026-07-18__09_00_06+2026-07-18__09_30_01#S#H,,unlabeled,track_crop
/Users/vineelap/Documents/piglets_detection/piglet-detection-main/artifacts/smoke_pen4_clean/identity_crops/2026-07-18__09_00_06+2026-07-18__09_30_01#S#H/track_1_frame_30.jpg,,,2026-07-18__09_00_06+2026-07-18__09_30_01#S#H,,unlabeled,track_crop
/Users/vineelap/Documents/piglets_detection/piglet-detection-main/artifacts/smoke_pen4_clean/identity_crops/2026-07-18__09_00_06+2026-07-18__09_30_01#S#H/track_1_frame_40.jpg,,,2026-07-18__09_00_06+2026-07-18__09_30_01#S#H,,unlabeled,track_crop
/Users/vineelap/Documents/piglets_detection/piglet-detection-main/artifacts/smoke_pen4_clean/identity_crops/2026-07-18__09_00_06+2026-07-18__09_30_01#S#H/track_2_frame_0.jpg,,,2026-07-18__09_00_06+2026-07-18__09_30_01#S#H,,unlabeled,track_crop
/Users/vineelap/Documents/piglets_detection/piglet-detection-main/artifacts/smoke_pen4_clean/identity_crops/2026-07-18__09_00_06+2026-07-18__09_30_01#S#H/track_2_frame_10.jpg,,,2026-07-18__09_00_06+2026-07-18__09_30_01#S#H,,unlabeled,track_crop
/Users/vineelap/Documents/piglets_detection/piglet-detection-main/artifacts/smoke_pen4_clean/identity_crops/2026-07-18__09_00_06+2026-07-18__09_30_01#S#H/track_2_frame_20.jpg,,,2026-07-18__09_00_06+2026-07-18__09_30_01#S#H,,unlabeled,track_crop
/Users/vineelap/Documents/piglets_detection/piglet-detection-main/artifacts/smoke_pen4_clean/identity_crops/2026-07-18__09_00_06+2026-07-18__09_30_01#S#H/track_2_frame_30.jpg,,,2026-07-18__09_00_06+2026-07-18__09_30_01#S#H,,unlabeled,track_crop
/Users/vineelap/Documents/piglets_detection/piglet-detection-main/artifacts/smoke_pen4_clean/identity_crops/2026-07-18__09_00_06+2026-07-18__09_30_01#S#H/track_2_frame_40.jpg,,,2026-07-18__09_00_06+2026-07-18__09_30_01#S#H,,unlabeled,track_crop
/Users/vineelap/Documents/piglets_detection/piglet-detection-main/artifacts/smoke_pen4_clean/identity_crops/2026-07-18__09_00_06+2026-07-18__09_30_01#S#H/track_3_frame_0.jpg,,,2026-07-18__09_00_06+2026-07-18__09_30_01#S#H,,unlabeled,track_crop
/Users/vineelap/Documents/piglets_detection/piglet-detection-main/artifacts/smoke_pen4_clean/identity_crops/2026-07-18__09_00_06+2026-07-18__09_30_01#S#H/track_3_frame_10.jpg,,,2026-07-18__09_00_06+2026-07-18__09_30_01#S#H,,unlabeled,track_crop
/Users/vineelap/Documents/piglets_detection/piglet-detection-main/artifacts/smoke_pen4_clean/identity_crops/2026-07-18__09_00_06+2026-07-18__09_30_01#S#H/track_3_frame_20.jpg,,,2026-07-18__09_00_06+2026-07-18__09_30_01#S#H,,unlabeled,track_crop
/Users/vineelap/Documents/piglets_detection/piglet-detection-main/artifacts/smoke_pen4_clean/identity_crops/2026-07-18__09_00_06+2026-07-18__09_30_01#S#H/track_3_frame_30.jpg,,,2026-07-18__09_00_06+2026-07-18__09_30_01#S#H,,unlabeled,track_crop
/Users/vineelap/Documents/piglets_detection/piglet-detection-main/artifacts/smoke_pen4_clean/identity_crops/2026-07-18__09_00_06+2026-07-18__09_30_01#S#H/track_3_frame_40.jpg,,,2026-07-18__09_00_06+2026-07-18__09_30_01#S#H,,unlabeled,track_crop
/Users/vineelap/Documents/piglets_detection/piglet-detection-main/artifacts/smoke_pen4_clean/identity_crops/2026-07-18__09_00_06+2026-07-18__09_30_01#S#H/track_5_frame_0.jpg,,,2026-07-18__09_00_06+2026-07-18__09_30_01#S#H,,unlabeled,track_crop
/Users/vineelap/Documents/piglets_detection/piglet-detection-main/artifacts/smoke_pen4_clean/identity_crops/2026-07-18__09_00_06+2026-07-18__09_30_01#S#H/track_5_frame_10.jpg,,,2026-07-18__09_00_06+2026-07-18__09_30_01#S#H,,unlabeled,track_crop
/Users/vineelap/Documents/piglets_detection/piglet-detection-main/artifacts/smoke_pen4_clean/identity_crops/2026-07-18__09_00_06+2026-07-18__09_30_01#S#H/track_5_frame_20.jpg,,,2026-07-18__09_00_06+2026-07-18__09_30_01#S#H,,unlabeled,track_crop
/Users/vineelap/Documents/piglets_detection/piglet-detection-main/artifacts/smoke_pen4_clean/identity_crops/2026-07-18__09_00_06+2026-07-18__09_30_01#S#H/track_5_frame_30.jpg,,,2026-07-18__09_00_06+2026-07-18__09_30_01#S#H,,unlabeled,track_crop
/Users/vineelap/Documents/piglets_detection/piglet-detection-main/artifacts/smoke_pen4_clean/identity_crops/2026-07-18__09_00_06+2026-07-18__09_30_01#S#H/track_5_frame_40.jpg,,,2026-07-18__09_00_06+2026-07-18__09_30_01#S#H,,unlabeled,track_crop
/Users/vineelap/Documents/piglets_detection/piglet-detection-main/artifacts/smoke_pen4_clean/identity_crops/2026-07-18__09_00_06+2026-07-18__09_30_01#S#H/track_6_frame_0.jpg,,,2026-07-18__09_00_06+2026-07-18__09_30_01#S#H,,unlabeled,track_crop
/Users/vineelap/Documents/piglets_detection/piglet-detection-main/artifacts/smoke_pen4_clean/identity_crops/2026-07-18__09_00_06+2026-07-18__09_30_01#S#H/track_6_frame_10.jpg,,,2026-07-18__09_00_06+2026-07-18__09_30_01#S#H,,unlabeled,track_crop
/Users/vineelap/Documents/piglets_detection/piglet-detection-main/artifacts/smoke_pen4_clean/identity_crops/2026-07-18__09_00_06+2026-07-18__09_30_01#S#H/track_6_frame_20.jpg,,,2026-07-18__09_00_06+2026-07-18__09_30_01#S#H,,unlabeled,track_crop
/Users/vineelap/Documents/piglets_detection/piglet-detection-main/artifacts/smoke_pen4_clean/identity_crops/2026-07-18__09_00_06+2026-07-18__09_30_01#S#H/track_6_frame_30.jpg,,,2026-07-18__09_00_06+2026-07-18__09_30_01#S#H,,unlabeled,track_crop
/Users/vineelap/Documents/piglets_detection/piglet-detection-main/artifacts/smoke_pen4_clean/identity_crops/2026-07-18__09_00_06+2026-07-18__09_30_01#S#H/track_6_frame_40.jpg,,,2026-07-18__09_00_06+2026-07-18__09_30_01#S#H,,unlabeled,track_crop
/Users/vineelap/Documents/piglets_detection/piglet-detection-main/artifacts/smoke_pen4_clean/identity_crops/2026-07-18__09_00_06+2026-07-18__09_30_01#S#H/track_7_frame_0.jpg,,,2026-07-18__09_00_06+2026-07-18__09_30_01#S#H,,unlabeled,track_crop
/Users/vineelap/Documents/piglets_detection/piglet-detection-main/artifacts/smoke_pen4_clean/identity_crops/2026-07-18__09_00_06+2026-07-18__09_30_01#S#H/track_7_frame_10.jpg,,,2026-07-18__09_00_06+2026-07-18__09_30_01#S#H,,unlabeled,track_crop
/Users/vineelap/Documents/piglets_detection/piglet-detection-main/artifacts/smoke_pen4_clean/identity_crops/2026-07-18__09_00_06+2026-07-18__09_30_01#S#H/track_7_frame_20.jpg,,,2026-07-18__09_00_06+2026-07-18__09_30_01#S#H,,unlabeled,track_crop
/Users/vineelap/Documents/piglets_detection/piglet-detection-main/artifacts/smoke_pen4_clean/identity_crops/2026-07-18__09_00_06+2026-07-18__09_30_01#S#H/track_7_frame_30.jpg,,,2026-07-18__09_00_06+2026-07-18__09_30_01#S#H,,unlabeled,track_crop
/Users/vineelap/Documents/piglets_detection/piglet-detection-main/artifacts/smoke_pen4_clean/identity_crops/2026-07-18__09_00_06+2026-07-18__09_30_01#S#H/track_7_frame_40.jpg,,,2026-07-18__09_00_06+2026-07-18__09_30_01#S#H,,unlabeled,track_crop
/Users/vineelap/Documents/piglets_detection/piglet-detection-main/artifacts/smoke_pen4_clean/identity_crops/2026-07-18__09_00_06+2026-07-18__09_30_01#S#H/track_8_frame_0.jpg,,,2026-07-18__09_00_06+2026-07-18__09_30_01#S#H,,unlabeled,track_crop
/Users/vineelap/Documents/piglets_detection/piglet-detection-main/artifacts/smoke_pen4_clean/identity_crops/2026-07-18__09_00_06+2026-07-18__09_30_01#S#H/track_8_frame_10.jpg,,,2026-07-18__09_00_06+2026-07-18__09_30_01#S#H,,unlabeled,track_crop
/Users/vineelap/Documents/piglets_detection/piglet-detection-main/artifacts/smoke_pen4_clean/identity_crops/2026-07-18__09_00_06+2026-07-18__09_30_01#S#H/track_8_frame_20.jpg,,,2026-07-18__09_00_06+2026-07-18__09_30_01#S#H,,unlabeled,track_crop
/Users/vineelap/Documents/piglets_detection/piglet-detection-main/artifacts/smoke_pen4_clean/identity_crops/2026-07-18__09_00_06+2026-07-18__09_30_01#S#H/track_9_frame_0.jpg,,,2026-07-18__09_00_06+2026-07-18__09_30_01#S#H,,unlabeled,track_crop
/Users/vineelap/Documents/piglets_detection/piglet-detection-main/artifacts/smoke_pen4_clean/identity_crops/2026-07-18__09_00_06+2026-07-18__09_30_01#S#H/track_9_frame_10.jpg,,,2026-07-18__09_00_06+2026-07-18__09_30_01#S#H,,unlabeled,track_crop
/Users/vineelap/Documents/piglets_detection/piglet-detection-main/artifacts/smoke_pen4_clean/identity_crops/2026-07-18__09_00_06+2026-07-18__09_30_01#S#H/track_9_frame_30.jpg,,,2026-07-18__09_00_06+2026-07-18__09_30_01#S#H,,unlabeled,track_crop
