pen,sow_number,ear_tag,pig_id,gender,present,notes
4,7315,90807,1,M,True,
4,7315,90807,2,M,True,
4,7315,90807,3,M,True,
4,7315,90807,4,M,True,
4,7315,90807,5,M,True,
4,7315,90807,6,M,True,
4,7315,90807,7,M,False,not present
4,7315,90807,8,M,True,
4,7315,90807,9,M,True,
4,7315,90807,10,M,True,
4,7315,90807,11,M,True,
4,7315,90807,12,M,True,
4,7315,90807,13,M,True,
4,7315,90807,14,F,True,
4,7315,90807,15,F,False,not present
4,7315,90807,16,F,False,not present
4,7315,90807,17,F,True,
5,7314,90808,1,M,True,
5,7314,90808,2,M,True,
5,7314,90808,3,M,True,
5,7314,90808,4,M,True,
5,7314,90808,5,M,True,
5,7314,90808,6,M,True,
5,7314,90808,7,M,False,not present
5,7314,90808,8,M,True,
5,7314,90808,9,M,True,
5,7314,90808,10,F,True,
5,7314,90808,11,F,True,
5,7314,90808,12,F,True,
5,7314,90808,13,F,True,
5,7314,90808,14,F,True,
5,7314,90808,15,F,False,not present
5,7314,90808,16,F,False,not present
5,7314,90808,17,F,True,
6,7317,90809,1,M,True,
6,7317,90809,2,M,True,
6,7317,90809,3,M,True,
6,7317,90809,4,M,True,
6,7317,90809,5,M,True,
6,7317,90809,6,M,True,
6,7317,90809,7,M,False,not present
6,7317,90809,8,F,True,
6,7317,90809,9,F,True,
6,7317,90809,10,F,True,
6,7317,90809,11,F,True,
6,7317,90809,12,F,True,
6,7317,90809,13,F,True,
6,7317,90809,14,F,True,
