pen,source_video,pig_id,identity_confidence,candidate_pig_id,candidate_confidence,mark_pig_id,mark_identity_confidence,classifier_pig_id,classifier_identity_confidence,trocr_pig_id,trocr_identity_confidence,track_id,zone,start_frame,end_frame,duration_frames,start_seconds,end_seconds,duration_seconds
6,2026-07-10__08_00_06#M.mp4,unknown,0.0,unknown,0.0,,,,,,,13,FEEDER,14,79,66,1.2731892887125287,7.184425272020698,6.002178075359064
6,2026-07-10__08_00_06#M.mp4,unknown,0.0,unknown,0.0,,,,,,,13,FEEDER,93,119,27,8.457614560733226,10.822108954056494,2.4554364853741624
6,2026-07-10__08_00_06#M.mp4,unknown,0.0,unknown,0.0,,,,,,,13,FEEDER,133,279,147,12.095298242769022,25.37284368219968,13.36848753148155
6,2026-07-10__08_00_06#M.mp4,unknown,0.0,unknown,0.0,,,,,,,161,FEEDER,340,389,50,30.920311297304266,35.37647380779812,4.547104602544746
6,2026-07-10__08_00_06#M.mp4,unknown,0.0,unknown,0.0,,,,,,,161,FEEDER,412,439,28,37.4681419249687,39.92357841034286,2.5463785774250574
6,2026-07-10__08_00_06#M.mp4,unknown,0.0,unknown,0.0,,,,,,,256,FEEDER,621,657,37,56.475039163605736,59.748954477437955,3.3648574058831113
6,2026-07-10__08_00_06#M.mp4,unknown,0.0,unknown,0.0,,,,,,,274,FEEDER,670,790,121,60.93120167409959,71.84425272020698,11.003993138158284
6,2026-07-10__08_00_06#M.mp4,unknown,0.0,unknown,0.0,,,,,,,355,FEEDER,876,938,63,79.66527263658394,85.30368234373942,5.729351799206379
6,2026-07-10__08_00_06#M.mp4,unknown,0.0,unknown,0.0,,,,,,,316,FEEDER,811,1016,206,73.75403665327576,92.39716552370922,18.73407096248435
6,2026-07-10__08_00_06#M.mp4,unknown,0.0,unknown,0.0,,,,,,,426,FEEDER,1065,1137,73,96.85332803420307,103.40115866186751,6.638772719715329
6,2026-07-10__08_00_06#M.mp4,unknown,0.8625379800796509,6,0.8625379800796509,,,,,,,173,FEEDER,375,1238,864,34.10328451908559,112.58630995900789,78.5739675319732
6,2026-07-10__08_00_06#M.mp4,unknown,0.0,unknown,0.0,,,,,,,469,FEEDER,1219,1338,120,110.85841021004089,121.68051916409739,10.91305104610739
6,2026-07-10__08_00_06#M.mp4,unknown,0.0,unknown,0.0,,,,,,,426,FEEDER,1161,1364,204,105.58376887108899,124.04501355742065,18.55218677838256
6,2026-07-10__08_00_06#M.mp4,unknown,0.0,unknown,0.0,,,,,,,532,FEEDER,1367,1424,58,124.31783983357333,129.50153908047434,5.274641338951905
6,2026-07-10__08_00_06#M.mp4,unknown,0.0,unknown,0.0,,,,,,,426,FEEDER,1413,1459,47,128.5011760679145,132.68451230225565,4.274278326392061
6,2026-07-10__08_00_06#M.mp4,unknown,0.0,unknown,0.0,,,,,,,638,FEEDER,1646,1754,109,149.690683515773,159.51242945726966,9.912688033547544
6,2026-07-10__08_00_06#M.mp4,unknown,0.8625379800796509,6,0.8625379800796509,,,,,,,173,FEEDER,1260,1822,563,114.58703598412758,165.69649171673052,51.200397824653834
6,2026-07-10__08_00_06#M.mp4,8,0.6953286230564117,8,0.6953286230564117,,,,,,,595,FEEDER,1825,1873,49,165.9693179928832,170.33453841132615,4.456162510493851
6,2026-07-10__08_00_06#M.mp4,unknown,0.0,unknown,0.0,,,,,,,698,FEEDER,1965,2079,115,178.7012108800085,189.06860937381052,10.458340585852914
6,2026-07-10__08_00_06#M.mp4,unknown,0.0,unknown,0.0,,,,,,,720,FEEDER,2087,2110,24,189.79614611021768,191.88781422738825,2.182610209221478
6,2026-07-10__08_00_06#M.mp4,unknown,0.0,unknown,0.0,,,,,,,698,FEEDER,2095,2199,105,190.52368284662484,199.9816604199179,9.548919665343965
6,2026-07-10__08_00_06#M.mp4,unknown,0.0,unknown,0.0,,,,,,,698,FEEDER,2209,2239,31,200.89108134042684,203.6193441019537,2.819204853577742
6,2026-07-10__08_00_06#M.mp4,unknown,0.0,unknown,0.0,,,,,,,698,FEEDER,2249,2457,209,204.52876502246264,223.4447201690488,19.006897238637034
6,2026-07-10__08_00_06#M.mp4,unknown,0.0,unknown,0.0,,,,,,,698,FEEDER,2466,2502,37,224.26319899750683,227.53711431133905,3.3648574058831113
6,2026-07-10__08_00_06#M.mp4,unknown,0.0,unknown,0.0,,,,,,,808,FEEDER,2487,2519,33,226.17298293057564,229.08312987620428,3.001089037679532
6,2026-07-10__08_00_06#M.mp4,unknown,0.0,unknown,0.0,,,,,,,810,FEEDER,2487,2545,59,226.17298293057564,231.44762426952752,5.3655834310028
6,2026-07-10__08_00_06#M.mp4,unknown,0.0,unknown,0.0,,,,,,,808,FEEDER,2540,2615,76,230.99291380927306,237.81357071309017,6.911598995868013
6,2026-07-10__08_00_06#M.mp4,8,0.7934925059477488,8,0.7934925059477488,,,,,,,754,FEEDER,2207,2645,439,200.70919715632505,240.54183347461702,39.92357841034286
6,2026-07-10__08_00_06#M.mp4,12,0.765465646982193,12,0.765465646982193,,,,,,,828,FEEDER,2660,2728,69,241.90596485538046,248.0900271148413,6.275004351511749
6,2026-07-10__08_00_06#M.mp4,unknown,0.0,unknown,0.0,,,,,,,897,FEEDER,2841,2880,40,258.36648351659244,261.91322510657733,3.6376836820357963
6,2026-07-10__08_00_06#M.mp4,1,0.7652670294046402,1,0.7652670294046402,,,,,,,907,FEEDER,2946,3002,57,267.91540318193637,273.0081603367865,5.18369924690101
6,2026-07-10__08_00_06#M.mp4,unknown,0.0,unknown,0.0,,,,,,,959,FEEDER,3121,3157,37,283.830269290843,287.1041846046752,3.3648574058831113
6,2026-07-10__08_00_06#M.mp4,1,0.7652670294046402,1,0.7652670294046402,,,,,,,907,FEEDER,3106,3171,66,282.46613791007957,288.37737389338776,6.002178075359064
6,2026-07-10__08_00_06#M.mp4,3,0.8525157968203226,3,0.8525157968203226,,,,,,,953,FEEDER,3105,3176,72,282.37519581802866,288.83208435364224,6.547830627664434
6,2026-07-10__08_00_06#M.mp4,12,0.7902827709913254,12,0.7902827709913254,,,,,,,976,FEEDER,3349,3391,43,304.56506627844703,308.38463414458465,3.910509958188481
6,2026-07-10__08_00_06#M.mp4,3,0.8227919489145279,3,0.8227919489145279,,,,,,,1027,FEEDER,3493,3540,48,317.6607275337759,321.93500586016796,4.365220418442956
6,2026-07-10__08_00_06#M.mp4,3,0.8381293565034866,3,0.8381293565034866,,,,,,,1114,FEEDER,3808,3896,89,346.3074865298078,354.3103906302866,8.093846192529647
6,2026-07-10__08_00_06#M.mp4,unknown,0.0,unknown,0.0,,,,,,,1250,FEEDER,4401,4439,39,400.2361471159885,403.6919466139225,3.5467415899849013
6,2026-07-10__08_00_06#M.mp4,unknown,0.0,unknown,0.0,,,,,,,1302,FEEDER,4803,4897,95,436.79486812044826,445.34342477323236,8.639498744835016
6,2026-07-10__08_00_06#M.mp4,unknown,0.0,unknown,0.0,,,,,,,1332,FEEDER,4883,4942,60,444.0702354845198,449.43581891552265,5.456525523053695
6,2026-07-10__08_00_06#M.mp4,unknown,0.0,unknown,0.0,,,,,,,1351,FEEDER,4937,4959,23,448.98110845526816,450.9818344803878,2.091668117170583
6,2026-07-10__08_00_06#M.mp4,8,0.828377922375997,8,0.828377922375997,,,,,,,1349,FEEDER,4956,5007,52,450.70900820423515,455.3470548988308,4.728988786646535
6,2026-07-10__08_00_06#M.mp4,unknown,0.8057014644145966,13,0.8057014644145966,,,,,,,1337,FEEDER,4949,5024,76,450.0724135598789,456.893070463696,6.911598995868013
6,2026-07-10__08_00_06#M.mp4,unknown,0.7105358242988586,11,0.7105358242988586,,,,,,,1313,FEEDER,4981,5071,91,452.98256050550754,461.16734879008806,8.275730376631437
6,2026-07-10__08_00_06#M.mp4,unknown,0.0,unknown,0.0,,,,,,,1387,FEEDER,5035,5089,55,457.89343347625584,462.8043064470042,5.00181506279922
6,2026-07-10__08_00_06#M.mp4,3,0.8461320996284485,3,0.8461320996284485,,,,,,,1380,FEEDER,5120,5151,32,465.6235113005819,468.44271615415965,2.910146945628637
6,2026-07-10__08_00_06#M.mp4,unknown,0.0,unknown,0.0,,,,,,,1429,FEEDER,5192,5222,31,472.17134192824636,474.8996046897732,2.819204853577742
6,2026-07-10__08_00_06#M.mp4,13,0.8430188074707985,13,0.8430188074707985,,,,,,,1457,FEEDER,5372,5397,26,488.54091849740746,490.8144707986798,2.3644943933232674
6,2026-07-10__08_00_06#M.mp4,2,0.7768909335136414,2,0.7768909335136414,,,,,,,1460,FEEDER,5328,5406,79,484.5394664471681,491.63294962713786,7.184425272020698
6,2026-07-10__08_00_06#M.mp4,6,0.7528684139251709,6,0.7528684139251709,,,,,,,1484,FEEDER,5525,5635,111,502.45505858119435,512.4586887067928,10.094572217649334
6,2026-07-10__08_00_06#M.mp4,unknown,0.6906526684761047,1,0.6906526684761047,,,,,,,1502,FEEDER,5607,5653,47,509.9123101293677,514.0956463637089,4.274278326392061
6,2026-07-10__08_00_06#M.mp4,6,0.7528684139251709,6,0.7528684139251709,,,,,,,1484,FEEDER,5645,5721,77,513.3681096273017,520.2797086231698,7.002541087918908
6,2026-07-10__08_00_06#M.mp4,unknown,0.0,unknown,0.0,,,,,,,1602,FEEDER,5958,5990,33,541.8329844392318,544.7431313848605,3.001089037679532
6,2026-07-10__08_00_06#M.mp4,unknown,0.0,unknown,0.0,,,,,,,1734,FEEDER,6563,6598,36,596.8529501300233,600.0359233518046,3.273915313832217
6,2026-07-10__08_00_06#M.mp4,11,0.7590620815753937,11,0.7590620815753937,,,,,,,1759,FEEDER,6678,6715,38,607.3112907158762,610.6761481217593,3.4557994979340063
6,2026-07-10__08_00_06#M.mp4,unknown,0.8044359683990479,12,0.8044359683990479,,,,,,,1766,FEEDER,6717,6753,37,610.8580323058611,614.1319476196933,3.3648574058831113
6,2026-07-10__08_00_06#M.mp4,1,0.6491917371749878,1,0.6491917371749878,,,,,,,1829,FEEDER,6966,7068,103,633.5026132265339,642.7787066157252,9.367035481242175
6,2026-07-10__08_00_06#M.mp4,10,0.6846723904212316,10,0.6846723904212316,,,,,,,1822,FEEDER,7103,7124,22,645.9616798375065,647.8714637705754,2.000726025119688
6,2026-07-10__08_00_06#M.mp4,10,0.6846723904212316,10,0.6846723904212316,,,,,,,1822,FEEDER,7177,7532,356,652.6913946492728,684.9758373273404,32.375384770118586
6,2026-07-10__08_00_06#M.mp4,10,0.7975999464591345,10,0.7975999464591345,,,,,,,1957,FEEDER,7574,7790,217,688.795405193478,708.4388970764713,19.734433975044194
6,2026-07-10__08_00_06#M.mp4,10,0.7975999464591345,10,0.7975999464591345,,,,,,,1957,FEEDER,8072,8144,73,734.0845670348236,740.6323976624881,6.638772719715329
6,2026-07-10__08_00_06#M.mp4,3,0.7647537440061569,3,0.7647537440061569,,,,,,,1910,FEEDER,7782,8204,423,707.7113603400642,746.0889231855418,38.46850493752854
6,2026-07-10__08_00_06#M.mp4,unknown,0.0,unknown,0.0,,,,,,,2189,FEEDER,8370,8427,58,761.1853104659904,766.3690097128914,5.274641338951905
6,2026-07-10__08_00_06#M.mp4,unknown,0.0,unknown,0.0,,,,,,,2235,FEEDER,8487,8515,29,771.825535235945,774.3719138133702,2.6373206694759523
6,2026-07-10__08_00_06#M.mp4,11,0.7660710910956064,11,0.7660710910956064,,,,,,,2232,FEEDER,8481,8575,95,771.2798826836397,779.8284393364238,8.639498744835016
6,2026-07-10__08_00_06#M.mp4,unknown,0.0,unknown,0.0,,,,,,,2189,FEEDER,8541,8626,86,776.7364082066933,784.4664860310195,7.821019916376962
6,2026-07-10__08_00_06#M.mp4,11,0.5073764473199844,11,0.5073764473199844,,,,,,,2215,FEEDER,8443,8642,200,767.8240831857057,785.9215595038338,18.188418410178983
6,2026-07-10__08_00_06#M.mp4,unknown,0.0,unknown,0.0,,,,,,,2208,FEEDER,8543,8663,121,776.9182923907952,787.8313434369026,11.003993138158284
6,2026-07-10__08_00_06#M.mp4,11,0.7660710910956064,11,0.7660710910956064,,,,,,,2232,FEEDER,8691,8758,68,790.3777220143277,796.4708421817376,6.184062259460854
6,2026-07-10__08_00_06#M.mp4,unknown,0.0,unknown,0.0,,,,,,,2267,FEEDER,8748,8769,22,795.5614212612286,797.4712051942975,2.000726025119688
6,2026-07-10__08_00_06#M.mp4,11,0.7660710910956064,11,0.7660710910956064,,,,,,,2232,FEEDER,8779,8827,49,798.3806261148064,802.7458465332494,4.456162510493851
6,2026-07-10__08_00_06#M.mp4,unknown,0.0,unknown,0.0,,,,,,,2304,FEEDER,8816,8848,33,801.7454835206895,804.6556304663181,3.001089037679532
6,2026-07-10__08_00_06#M.mp4,11,0.5073764473199844,11,0.5073764473199844,,,,,,,2215,FEEDER,8651,8853,203,786.7400383322919,805.1103409265726,18.461244686331664
6,2026-07-10__08_00_06#M.mp4,unknown,0.0,unknown,0.0,,,,,,,2676,FEEDER,9191,9245,55,835.8487680397751,840.7596410105234,5.00181506279922
6,2026-07-10__08_00_06#M.mp4,unknown,0.0,unknown,0.0,,,,,,,2679,FEEDER,9196,9256,61,836.3034785000295,841.7600040230833,5.54746761510459
6,2026-07-10__08_00_06#M.mp4,11,0.7956626266241074,11,0.7956626266241074,,,,,,,2695,FEEDER,9243,9288,46,840.5777568264216,844.6701509687119,4.183336234341166
6,2026-07-10__08_00_06#M.mp4,unknown,0.8105511963367462,13,0.8105511963367462,,,,,,,2688,FEEDER,9236,9353,118,839.9411621820653,850.58138695202,10.7311668620056
6,2026-07-10__08_00_06#M.mp4,unknown,0.0,unknown,0.0,,,,,,,2746,FEEDER,9370,9486,117,852.1274025168852,862.6766851947891,10.640224769954704
6,2026-07-10__08_00_06#M.mp4,3,0.7100086033344268,3,0.7100086033344268,,,,,,,2810,FEEDER,9575,9605,31,870.7705313873187,873.4987941488456,2.819204853577742
6,2026-07-10__08_00_06#M.mp4,unknown,0.7993263006210327,1,0.7993263006210327,,,,,,,2828,FEEDER,9607,9641,35,873.6806783329473,876.7727094626778,3.182973221781322
6,2026-07-10__08_00_06#M.mp4,3,0.7100086033344268,3,0.7100086033344268,,,,,,,2810,FEEDER,9621,9643,23,874.9538676216599,876.9545936467796,2.091668117170583
6,2026-07-10__08_00_06#M.mp4,14,0.8109007030725479,14,0.8109007030725479,,,,,,,2868,FEEDER,9703,9895,193,882.4111191698332,899.8720008436051,17.551823765822718
6,2026-07-10__08_00_06#M.mp4,11,0.7594782610734304,11,0.7594782610734304,,,,,,,2761,FEEDER,9901,9965,65,900.4176533959105,906.2379472871677,5.911235983308169
6,2026-07-10__08_00_06#M.mp4,8,0.8023819923400879,8,0.8023819923400879,,,,,,,2928,FEEDER,9933,10010,78,903.327800341539,910.330341429458,7.093483179969803
6,2026-07-10__08_00_06#M.mp4,11,0.7594782610734304,11,0.7594782610734304,,,,,,,2761,FEEDER,9976,10250,275,907.2383102997276,932.1564435216728,25.0090753139961
6,2026-07-10__08_00_06#M.mp4,11,0.7594782610734304,11,0.7594782610734304,,,,,,,2761,FEEDER,10299,10343,45,936.6126060321666,940.614058082406,4.092394142290271
6,2026-07-10__08_00_06#M.mp4,11,0.7594782610734304,11,0.7594782610734304,,,,,,,2761,FEEDER,10372,10432,61,943.2513787518819,948.7079042749357,5.54746761510459
6,2026-07-10__08_00_06#M.mp4,1,0.7989095350106558,1,0.7989095350106558,,,,,,,3012,FEEDER,10452,10633,182,950.5267461159535,966.9872647771655,16.551460753262873
6,2026-07-10__08_00_06#M.mp4,2,0.767326831817627,2,0.767326831817627,,,,,,,3038,FEEDER,10578,10637,60,961.9854497143663,967.3510331453691,5.456525523053695
6,2026-07-10__08_00_06#M.mp4,unknown,0.7401943504810333,12,0.7401943504810333,,,,,,,3034,FEEDER,10544,10691,148,958.8934185846359,972.2619061161174,13.459429623532445
6,2026-07-10__08_00_06#M.mp4,3,0.7100086033344268,3,0.7100086033344268,,,,,,,2810,FEEDER,10487,10727,241,953.7097193377349,975.5358214299497,21.917044184265674
6,2026-07-10__08_00_06#M.mp4,12,0.7783705741167068,12,0.7783705741167068,,,,,,,3067,FEEDER,10789,10923,135,981.1742311371052,993.360471471925,12.277182426870812
6,2026-07-10__08_00_06#M.mp4,11,0.7925633192062378,11,0.7925633192062378,,,,,,,3083,FEEDER,10869,10977,109,988.4495985011768,998.2713444426734,9.912688033547544
6,2026-07-10__08_00_06#M.mp4,1,0.7512233555316925,1,0.7512233555316925,,,,,,,3046,FEEDER,10630,11035,406,966.7144385010129,1003.5459857816253,36.92248937266333
6,2026-07-10__08_00_06#M.mp4,10,0.7424758523702621,10,0.7424758523702621,,,,,,,3167,FEEDER,11281,11323,43,1025.9177404261454,1029.737308292283,3.910509958188481
6,2026-07-10__08_00_06#M.mp4,14,0.7533151060342789,14,0.7533151060342789,,,,,,,3194,FEEDER,11301,11348,48,1027.7365822671634,1032.0108605935554,4.365220418442956
6,2026-07-10__08_00_06#M.mp4,10,0.7424758523702621,10,0.7424758523702621,,,,,,,3167,FEEDER,11345,11512,168,1031.7380343174027,1046.9253636899023,15.278271464550345
6,2026-07-10__08_00_06#M.mp4,10,0.7424758523702621,10,0.7424758523702621,,,,,,,3167,FEEDER,11534,11556,23,1048.9260897150218,1050.9268157401416,2.091668117170583
6,2026-07-10__08_00_06#M.mp4,10,0.7424758523702621,10,0.7424758523702621,,,,,,,3167,FEEDER,11630,11728,99,1057.6565305519077,1066.5688555728955,9.003267113038596
6,2026-07-10__08_00_06#M.mp4,14,0.7542620499928793,14,0.7542620499928793,,,,,,,3302,FEEDER,11840,11895,56,1076.7543698825957,1081.7561849453948,5.092757154850115
6,2026-07-10__08_00_06#M.mp4,8,0.7746784389019012,8,0.7746784389019012,,,,,,,3317,FEEDER,11900,11995,96,1082.2108954056494,1090.8503941504844,8.730440836885911
6,2026-07-10__08_00_06#M.mp4,10,0.7565853595733643,10,0.7565853595733643,,,,,,,3429,FEEDER,11952,12009,58,1086.939884192296,1092.1235834391969,5.274641338951905
6,2026-07-10__08_00_06#M.mp4,8,0.7746784389019012,8,0.7746784389019012,,,,,,,3317,FEEDER,12023,12129,107,1093.3967727279094,1103.0366344853044,9.730803849445754
6,2026-07-10__08_00_06#M.mp4,14,0.6213656365871429,14,0.6213656365871429,,,,,,,3449,FEEDER,12108,12193,86,1101.1268505522355,1108.8569283765617,7.821019916376962
6,2026-07-10__08_00_06#M.mp4,8,0.7746784389019012,8,0.7746784389019012,,,,,,,3317,FEEDER,12215,12291,77,1110.8576544016812,1117.7692533975494,7.002541087918908
6,2026-07-10__08_00_06#M.mp4,unknown,0.0,unknown,0.0,,,,,,,3545,FEEDER,12544,12570,27,1140.7776026864258,1143.142097079749,2.4554364853741624
6,2026-07-10__08_00_06#M.mp4,unknown,0.743853747844696,2,0.743853747844696,,,,,,,3544,FEEDER,12543,12574,32,1140.6866605943749,1143.5058654479526,2.910146945628637
6,2026-07-10__08_00_06#M.mp4,14,0.7265019714832306,14,0.7265019714832306,,,,,,,3532,FEEDER,12509,12578,70,1137.5946294646444,1143.8696338161562,6.365946443562644
6,2026-07-10__08_00_06#M.mp4,unknown,0.8208383619785309,13,0.8208383619785309,,,,,,,3601,FEEDER,12696,12721,26,1154.6008006781617,1156.8743529794342,2.3644943933232674
6,2026-07-10__08_00_06#M.mp4,1,0.7882791757583618,1,0.7882791757583618,,,,,,,3554,FEEDER,12579,12724,146,1143.960575908207,1157.1471792555867,13.277545439430657
6,2026-07-10__08_00_06#M.mp4,14,0.6823033392429352,14,0.6823033392429352,,,,,,,3602,FEEDER,12664,12736,73,1151.690653732533,1158.2384843601976,6.638772719715329
6,2026-07-10__08_00_06#M.mp4,3,0.8250352293252945,3,0.8250352293252945,,,,,,,3605,FEEDER,12791,12893,103,1163.2402994229967,1172.516392812188,9.367035481242175
6,2026-07-10__08_00_06#M.mp4,13,0.7845876514911652,13,0.7845876514911652,,,,,,,3615,FEEDER,12719,12924,206,1156.6924687953324,1175.3355976657658,18.73407096248435
6,2026-07-10__08_00_06#M.mp4,unknown,0.0,unknown,0.0,,,,,,,3752,FEEDER,12986,13010,25,1180.9740073729213,1183.1566175821426,2.273552301272373
6,2026-07-10__08_00_06#M.mp4,11,0.7309191624323527,11,0.7309191624323527,,,,,,,3789,FEEDER,13001,13032,32,1182.3381387536847,1185.1573436072624,2.910146945628637
6,2026-07-10__08_00_06#M.mp4,unknown,0.48536646366119385,10,0.48536646366119385,,,,,,,4095,FEEDER,13467,13493,27,1224.7171536494018,1227.081648042725,2.4554364853741624
6,2026-07-10__08_00_06#M.mp4,unknown,0.0,unknown,0.0,,,,,,,4102,FEEDER,13492,13544,53,1226.990705950674,1231.7196947373207,4.81993087869743
6,2026-07-10__08_00_06#M.mp4,unknown,0.46293097734451294,11,0.46293097734451294,,,,,,,4159,FEEDER,13579,13608,30,1234.902667959102,1237.539988628578,2.7282627615268473
6,2026-07-10__08_00_06#M.mp4,unknown,0.0,unknown,0.0,,,,,,,4164,FEEDER,13617,13727,111,1238.3584674570359,1248.3620975826343,10.094572217649334
6,2026-07-10__08_00_06#M.mp4,6,0.7983411252498627,6,0.7983411252498627,,,,,,,4168,FEEDER,13614,13810,197,1238.0856411808832,1255.9102912228586,17.915592134026298
6,2026-07-10__08_00_06#M.mp4,unknown,0.777287632226944,12,0.777287632226944,,,,,,,4384,FEEDER,13951,14019,69,1268.7331262020348,1274.9171884614957,6.275004351511749
6,2026-07-10__08_00_06#M.mp4,10,0.7442701409260432,10,0.7442701409260432,,,,,,,4486,FEEDER,14101,14161,61,1282.3744400096691,1287.8309655327228,5.54746761510459
6,2026-07-10__08_00_06#M.mp4,10,0.5545384138822556,10,0.5545384138822556,,,,,,,4523,FEEDER,14146,14189,44,1286.4668341519593,1290.3773441101478,4.001452050239376
6,2026-07-10__08_00_06#M.mp4,10,0.7442701409260432,10,0.7442701409260432,,,,,,,4486,FEEDER,14169,14238,70,1288.55850226913,1294.8335066206416,6.365946443562644
6,2026-07-10__08_00_06#M.mp4,10,0.5545384138822556,10,0.5545384138822556,,,,,,,4523,FEEDER,14230,14276,47,1294.1059698842346,1298.2893061185757,4.274278326392061
6,2026-07-10__08_00_06#M.mp4,13,0.6653506457805634,13,0.6653506457805634,,,,,,,4510,FEEDER,14127,14308,182,1284.7389344029923,1301.1994530642044,16.551460753262873
6,2026-07-10__08_00_06#M.mp4,unknown,0.0,unknown,0.0,,,,,,,4629,FEEDER,14313,14353,41,1301.6541635244587,1305.2918472064946,3.7286257740866913
6,2026-07-10__08_00_06#M.mp4,10,0.7442701409260432,10,0.7442701409260432,,,,,,,4486,FEEDER,14251,14689,439,1296.0157538173032,1335.8483901355953,39.92357841034286
6,2026-07-10__08_00_06#M.mp4,2,0.7878394722938538,2,0.7878394722938538,,,,,,,5008,FEEDER,15042,15158,117,1367.9509486295613,1378.500231307465,10.640224769954704
6,2026-07-10__08_00_06#M.mp4,8,0.6748752370476723,8,0.6748752370476723,,,,,,,5123,FEEDER,15192,15285,94,1381.5922624371954,1390.0498769979285,8.548556652784121
6,2026-07-10__08_00_06#M.mp4,2,0.7878394722938538,2,0.7878394722938538,,,,,,,5008,FEEDER,15294,15325,32,1390.8683558263867,1393.6875606799645,2.910146945628637
6,2026-07-10__08_00_06#M.mp4,unknown,0.9367266297340393,6,0.9367266297340393,,,,,,,5173,FEEDER,15408,15434,27,1401.2357543201888,1403.600248713512,2.4554364853741624
6,2026-07-10__08_00_06#M.mp4,1,0.7155816753705343,1,0.7155816753705343,,,,,,,5260,FEEDER,15688,15723,36,1426.6995400944393,1429.8825133162206,3.273915313832217
6,2026-07-10__08_00_06#M.mp4,14,0.7725368916988373,14,0.7725368916988373,,,,,,,5345,FEEDER,15973,16026,54,1452.6180363289443,1457.4379672076418,4.910872970748325
6,2026-07-10__08_00_06#M.mp4,2,0.7728044191996256,2,0.7728044191996256,,,,,,,5389,FEEDER,16151,16190,40,1468.8057287140036,1472.3524703039886,3.6376836820357963
6,2026-07-10__08_00_06#M.mp4,2,0.7728044191996256,2,0.7728044191996256,,,,,,,5389,FEEDER,16200,16241,42,1473.2618912244975,1476.990516998584,3.8195678661375863
6,2026-07-10__08_00_06#M.mp4,8,0.6861775636672973,8,0.6861775636672973,,,,,,,5428,FEEDER,16282,16414,133,1480.719142772671,1492.723498923389,12.095298242769022
6,2026-07-10__08_00_06#M.mp4,6,0.7787220358848572,6,0.7787220358848572,,,,,,,5472,FEEDER,16433,16546,114,1494.451398672356,1504.727855074107,10.36739849380202
6,2026-07-10__08_00_06#M.mp4,2,0.7508772760629654,2,0.7508772760629654,,,,,,,5624,FEEDER,16880,16906,27,1535.102513819106,1537.4670082124294,2.4554364853741624
6,2026-07-10__08_00_06#M.mp4,10,0.7577602386474609,10,0.7577602386474609,,,,,,,5660,FEEDER,16930,17184,255,1539.6496184216508,1562.748909802578,23.1902334729782
6,2026-07-10__08_00_06#M.mp4,10,0.7577602386474609,10,0.7577602386474609,,,,,,,5660,FEEDER,17360,17452,93,1578.7547180035356,1587.1213904722179,8.457614560733226
6,2026-07-10__08_00_06#M.mp4,11,0.7655096352100372,11,0.7655096352100372,,,,,,,5716,FEEDER,17185,17471,287,1562.839851894629,1588.849290221185,26.10038041860684
6,2026-07-10__08_00_06#M.mp4,8,0.8179952800273895,8,0.8179952800273895,,,,,,,5752,FEEDER,17443,17491,49,1586.30291164376,1590.6681320622029,4.456162510493851
6,2026-07-10__08_00_06#M.mp4,12,0.6285388221343359,12,0.6285388221343359,,,,,,,5758,FEEDER,17481,17537,57,1589.7587111416938,1594.851468296544,5.18369924690101
6,2026-07-10__08_00_06#M.mp4,2,0.7460285127162933,2,0.7460285127162933,,,,,,,5770,FEEDER,17542,17591,50,1595.3061787567985,1599.7623412672922,4.547104602544746
6,2026-07-10__08_00_06#M.mp4,unknown,0.7263045907020569,1,0.7263045907020569,,,,,,,5801,FEEDER,17853,17888,36,1623.5891693846268,1626.7721426064081,3.273915313832217
6,2026-07-10__08_00_06#M.mp4,unknown,0.7486965954303741,10,0.7486965954303741,,,,,,,5807,FEEDER,17889,18006,118,1626.863084698459,1637.5033094684136,10.7311668620056
6,2026-07-10__08_00_06#M.mp4,10,0.7149901837110519,10,0.7149901837110519,,,,,,,5841,FEEDER,18059,18090,32,1642.323240347111,1645.1424452006888,2.910146945628637
6,2026-07-10__08_00_06#M.mp4,8,0.8337824841340383,8,0.8337824841340383,,,,,,,5991,FEEDER,18846,18963,118,1713.8946667911655,1724.53489156112,10.7311668620056
6,2026-07-10__08_00_06#M.mp4,2,0.6742937564849854,2,0.6742937564849854,,,,,,,6049,FEEDER,19056,19289,234,1732.9925061218532,1754.182013569712,21.28044953990941
6,2026-07-10__08_00_06#M.mp4,6,0.7913244217634201,6,0.7913244217634201,,,,,,,6128,FEEDER,19277,19331,55,1753.0907084651012,1758.0015814358494,5.00181506279922
6,2026-07-10__08_00_06#M.mp4,6,0.8160820603370667,6,0.8160820603370667,,,,,,,6143,FEEDER,19328,19356,29,1757.7287551596967,1760.275133737122,2.6373206694759523
6,2026-07-10__08_00_06#M.mp4,1,0.7453810274600983,1,0.7453810274600983,,,,,,,5971,FEEDER,18844,19452,609,1713.7127826070637,1769.0055745740078,55.383734058994996
6,2026-07-10__08_00_06#M.mp4,6,0.7913244217634201,6,0.7913244217634201,,,,,,,6128,FEEDER,19374,19480,107,1761.9120913940378,1771.5519531514328,9.730803849445754
6,2026-07-10__08_00_06#M.mp4,1,0.7453810274600983,1,0.7453810274600983,,,,,,,5971,FEEDER,19491,19537,47,1772.5523161639926,1776.7356523983337,4.274278326392061
6,2026-07-10__08_00_06#M.mp4,1,0.7453810274600983,1,0.7453810274600983,,,,,,,5971,FEEDER,19560,19702,143,1778.8273205155044,1791.7410975867315,13.004719163277972
