path,pen,ear_tag,date,size_bytes,view
/Users/vineelap/Documents/piglets_detection/latest-data/Pen4_90807 2/20260718/2026-07-18__07_00_05+2026-07-18__07_30_00#S#H.mp4,4,90807,20260718,287445050,stitched
/Users/vineelap/Documents/piglets_detection/latest-data/Pen4_90807 2/20260718/2026-07-18__07_30_05+2026-07-18__08_00_00#S#H.mp4,4,90807,20260718,287341148,stitched
/Users/vineelap/Documents/piglets_detection/latest-data/Pen4_90807 2/20260718/2026-07-18__08_00_06+2026-07-18__08_30_01#S#H.mp4,4,90807,20260718,287028092,stitched
/Users/vineelap/Documents/piglets_detection/latest-data/Pen4_90807 2/20260718/2026-07-18__08_30_06+2026-07-18__09_00_01#S#H.mp4,4,90807,20260718,286553206,stitched
/Users/vineelap/Documents/piglets_detection/latest-data/Pen4_90807 2/20260718/2026-07-18__09_00_06+2026-07-18__09_30_01#S#H.mp4,4,90807,20260718,286536937,stitched
/Users/vineelap/Documents/piglets_detection/latest-data/Pen4_90807 2/20260718/2026-07-18__09_30_06+2026-07-18__10_00_01#S#H.mp4,4,90807,20260718,287266249,stitched
/Users/vineelap/Documents/piglets_detection/latest-data/Pen4_90807 2/20260718/2026-07-18__10_00_06+2026-07-18__10_30_01#S#H.mp4,4,90807,20260718,286791780,stitched
/Users/vineelap/Documents/piglets_detection/latest-data/Pen4_90807 2/20260719/2026-07-19__06_00_07+2026-07-19__06_30_03#S#H.mp4,4,90807,20260719,287149787,stitched
/Users/vineelap/Documents/piglets_detection/latest-data/Pen4_90807 2/20260719/2026-07-19__06_30_08+2026-07-19__07_00_03#S#H.mp4,4,90807,20260719,287122303,stitched
/Users/vineelap/Documents/piglets_detection/latest-data/Pen4_90807 2/20260719/2026-07-19__07_00_08+2026-07-19__07_30_03#S#H.mp4,4,90807,20260719,286960186,stitched
/Users/vineelap/Documents/piglets_detection/latest-data/Pen4_90807 2/20260719/2026-07-19__07_30_08+2026-07-19__08_00_03#S#H.mp4,4,90807,20260719,287126984,stitched
/Users/vineelap/Documents/piglets_detection/latest-data/Pen4_90807 2/20260719/2026-07-19__08_00_08+2026-07-19__08_30_03#S#H.mp4,4,90807,20260719,286731270,stitched
/Users/vineelap/Documents/piglets_detection/latest-data/Pen4_90807 2/20260719/2026-07-19__08_30_08+2026-07-19__08_59_59#S#H.mp4,4,90807,20260719,286208086,stitched
/Users/vineelap/Documents/piglets_detection/latest-data/Pen4_90807 2/20260719/2026-07-19__09_00_04+2026-07-19__09_29_59#S#H.mp4,4,90807,20260719,287415900,stitched
/Users/vineelap/Documents/piglets_detection/latest-data/Pen4_90807 2/20260719/2026-07-19__09_30_04+2026-07-19__09_59_59#S#H.mp4,4,90807,20260719,286864395,stitched
/Users/vineelap/Documents/piglets_detection/latest-data/Pen4_90807 2/20260719/2026-07-19__10_00_04+2026-07-19__10_29_59#S#H.mp4,4,90807,20260719,287014182,stitched
/Users/vineelap/Documents/piglets_detection/latest-data/Pen4_90807 2/20260719/2026-07-19__10_30_04+2026-07-19__10_59_59#S#H.mp4,4,90807,20260719,286980709,stitched
/Users/vineelap/Documents/piglets_detection/latest-data/Pen4_90807 2/20260719/2026-07-19__11_00_04+2026-07-19__11_30_00#S#H.mp4,4,90807,20260719,286751844,stitched
/Users/vineelap/Documents/piglets_detection/latest-data/Pen4_90807 2/20260719/2026-07-19__11_30_05+2026-07-19__12_00_00#S#H.mp4,4,90807,20260719,287217615,stitched
/Users/vineelap/Documents/piglets_detection/latest-data/Pen4_90807 2/20260719/2026-07-19__12_00_05+2026-07-19__12_30_00#S#H.mp4,4,90807,20260719,286963349,stitched
/Users/vineelap/Documents/piglets_detection/latest-data/Pen4_90807 2/20260719/2026-07-19__12_30_05+2026-07-19__13_00_00#S#H.mp4,4,90807,20260719,286993624,stitched
/Users/vineelap/Documents/piglets_detection/latest-data/Pen4_90807 2/20260719/2026-07-19__13_00_05+2026-07-19__13_30_00#S#H.mp4,4,90807,20260719,286975299,stitched
/Users/vineelap/Documents/piglets_detection/latest-data/Pen4_90807 2/20260719/2026-07-19__13_30_05+2026-07-19__14_00_00#S#H.mp4,4,90807,20260719,287103778,stitched
/Users/vineelap/Documents/piglets_detection/latest-data/Pen4_90807 2/20260719/2026-07-19__14_00_05+2026-07-19__14_30_01#S#H.mp4,4,90807,20260719,286990591,stitched
/Users/vineelap/Documents/piglets_detection/latest-data/Pen4_90807 2/20260719/2026-07-19__14_30_06+2026-07-19__15_00_01#S#H.mp4,4,90807,20260719,287326079,stitched
/Users/vineelap/Documents/piglets_detection/latest-data/Pen4_90807 2/20260719/2026-07-19__15_00_06+2026-07-19__15_30_01#S#H.mp4,4,90807,20260719,287033531,stitched
/Users/vineelap/Documents/piglets_detection/latest-data/Pen4_90807 2/20260719/2026-07-19__15_30_06+2026-07-19__16_00_01#S#H.mp4,4,90807,20260719,286715431,stitched
/Users/vineelap/Documents/piglets_detection/latest-data/Pen4_90807 2/20260719/2026-07-19__16_00_06+2026-07-19__16_30_01#S#H.mp4,4,90807,20260719,286697613,stitched
/Users/vineelap/Documents/piglets_detection/latest-data/Pen4_90807 2/20260719/2026-07-19__16_30_06+2026-07-19__17_00_02#S#H.mp4,4,90807,20260719,286644058,stitched
/Users/vineelap/Documents/piglets_detection/latest-data/Pen4_90807 2/20260719/2026-07-19__17_00_07+2026-07-19__17_30_02#S#H.mp4,4,90807,20260719,287119815,stitched
/Users/vineelap/Documents/piglets_detection/latest-data/Pen4_90807 2/20260719/2026-07-19__17_30_07+2026-07-19__18_00_02#S#H.mp4,4,90807,20260719,287142081,stitched
/Users/vineelap/Documents/piglets_detection/latest-data/Pen4_90807 2/20260722/2026-07-22__12_14_00+2026-07-22__12_30_00#S#H.mp4,4,90807,20260722,9804798,stitched
/Users/vineelap/Documents/piglets_detection/latest-data/Pen4_90807 2/20260722/2026-07-22__12_30_05+2026-07-22__12_33_22#S#H.mp4,4,90807,20260722,22992997,stitched
/Users/vineelap/Documents/piglets_detection/latest-data/Pen4_90807 2/20260722/2026-07-22__13_04_05+2026-07-22__13_30_01#S#H.mp4,4,90807,20260722,244256014,stitched
/Users/vineelap/Documents/piglets_detection/latest-data/Pen4_90807 2/20260722/2026-07-22__13_30_06+2026-07-22__14_00_01#S#H.mp4,4,90807,20260722,282510192,stitched
/Users/vineelap/Documents/piglets_detection/latest-data/Pen4_90807 2/20260722/2026-07-22__14_00_06+2026-07-22__14_30_01#S#H.mp4,4,90807,20260722,282152971,stitched
/Users/vineelap/Documents/piglets_detection/latest-data/Pen4_90807 2/20260722/2026-07-22__14_30_06+2026-07-22__15_00_01#S#H.mp4,4,90807,20260722,282528198,stitched
/Users/vineelap/Documents/piglets_detection/latest-data/Pen4_90807 2/20260722/2026-07-22__15_00_06+2026-07-22__15_30_01#S#H.mp4,4,90807,20260722,282106736,stitched
/Users/vineelap/Documents/piglets_detection/latest-data/Pen4_90807 2/20260722/2026-07-22__15_30_06+2026-07-22__16_00_02#S#H.mp4,4,90807,20260722,282567773,stitched
/Users/vineelap/Documents/piglets_detection/latest-data/Pen4_90807 2/20260722/2026-07-22__16_00_07+2026-07-22__16_30_02#S#H.mp4,4,90807,20260722,282530499,stitched
/Users/vineelap/Documents/piglets_detection/latest-data/Pen4_90807 2/20260722/2026-07-22__16_30_07+2026-07-22__17_00_02#S#H.mp4,4,90807,20260722,282504261,stitched
/Users/vineelap/Documents/piglets_detection/latest-data/Pen4_90807 2/20260722/2026-07-22__17_00_07+2026-07-22__17_30_02#S#H.mp4,4,90807,20260722,282422997,stitched
/Users/vineelap/Documents/piglets_detection/latest-data/Pen4_90807 2/20260722/2026-07-22__17_30_07+2026-07-22__18_00_02#S#H.mp4,4,90807,20260722,282185041,stitched
/Users/vineelap/Documents/piglets_detection/latest-data/Pen5_90808/20260713/2026-07-13__07_30_04#M.mp4,5,90808,20260713,287342301,motion
/Users/vineelap/Documents/piglets_detection/latest-data/Pen5_90808/20260713/2026-07-13__08_00_04#M.mp4,5,90808,20260713,287625266,motion
/Users/vineelap/Documents/piglets_detection/latest-data/Pen5_90808/20260713/2026-07-13__08_30_04#M.mp4,5,90808,20260713,287252743,motion
/Users/vineelap/Documents/piglets_detection/latest-data/Pen5_90808/20260713/2026-07-13__09_00_05#M.mp4,5,90808,20260713,287070387,motion
/Users/vineelap/Documents/piglets_detection/latest-data/Pen5_90808/20260713/2026-07-13__09_30_05#M.mp4,5,90808,20260713,286935986,motion
/Users/vineelap/Documents/piglets_detection/latest-data/Pen5_90808/20260713/2026-07-13__10_00_05#M.mp4,5,90808,20260713,286865223,motion
/Users/vineelap/Documents/piglets_detection/latest-data/Pen5_90808/20260713/2026-07-13__10_30_05#M.mp4,5,90808,20260713,287339787,motion
/Users/vineelap/Documents/piglets_detection/latest-data/Pen5_90808/20260714/2026-07-14__08_00_08#M.mp4,5,90808,20260714,287299035,motion
/Users/vineelap/Documents/piglets_detection/latest-data/Pen5_90808/20260714/2026-07-14__08_30_08#M.mp4,5,90808,20260714,287181513,motion
/Users/vineelap/Documents/piglets_detection/latest-data/Pen5_90808/20260714/2026-07-14__09_00_08#M.mp4,5,90808,20260714,286042382,motion
/Users/vineelap/Documents/piglets_detection/latest-data/Pen5_90808/20260714/2026-07-14__09_30_04#M.mp4,5,90808,20260714,287023202,motion
/Users/vineelap/Documents/piglets_detection/latest-data/Pen5_90808/20260714/2026-07-14__10_00_04#M.mp4,5,90808,20260714,286691688,motion
/Users/vineelap/Documents/piglets_detection/latest-data/Pen5_90808/20260714/2026-07-14__10_30_04#M.mp4,5,90808,20260714,286803130,motion
/Users/vineelap/Documents/piglets_detection/latest-data/Pen5_90808/20260714/2026-07-14__11_00_04#M.mp4,5,90808,20260714,286779158,motion
/Users/vineelap/Documents/piglets_detection/latest-data/Pen5_90808/20260714/2026-07-14__14_30_06#M.mp4,5,90808,20260714,287432947,motion
/Users/vineelap/Documents/piglets_detection/latest-data/Pen5_90808/20260714/2026-07-14__15_00_06#M.mp4,5,90808,20260714,287131767,motion
/Users/vineelap/Documents/piglets_detection/latest-data/Pen5_90808/20260714/2026-07-14__15_30_06#M.mp4,5,90808,20260714,286905563,motion
/Users/vineelap/Documents/piglets_detection/latest-data/Pen5_90808/20260714/2026-07-14__16_00_06#M.mp4,5,90808,20260714,287337212,motion
/Users/vineelap/Documents/piglets_detection/latest-data/Pen5_90808/20260714/2026-07-14__16_30_06#M.mp4,5,90808,20260714,287324697,motion
/Users/vineelap/Documents/piglets_detection/latest-data/Pen5_90808/20260714/2026-07-14__17_00_07#M.mp4,5,90808,20260714,287205490,motion
/Users/vineelap/Documents/piglets_detection/latest-data/Pen5_90808/20260714/2026-07-14__17_30_07#M.mp4,5,90808,20260714,286954844,motion
/Users/vineelap/Documents/piglets_detection/latest-data/Pen5_90808/20260715/2026-07-15__08_00_07#M.mp4,5,90808,20260715,287390848,motion
/Users/vineelap/Documents/piglets_detection/latest-data/Pen5_90808/20260715/2026-07-15__08_30_07#M.mp4,5,90808,20260715,287262956,motion
/Users/vineelap/Documents/piglets_detection/latest-data/Pen5_90808/20260715/2026-07-15__09_00_07#M.mp4,5,90808,20260715,287112634,motion
/Users/vineelap/Documents/piglets_detection/latest-data/Pen5_90808/20260715/2026-07-15__09_30_08#M.mp4,5,90808,20260715,286601402,motion
/Users/vineelap/Documents/piglets_detection/latest-data/Pen5_90808/20260715/2026-07-15__10_00_08#M.mp4,5,90808,20260715,287202209,motion
/Users/vineelap/Documents/piglets_detection/latest-data/Pen5_90808/20260715/2026-07-15__10_30_08#M.mp4,5,90808,20260715,287185979,motion
/Users/vineelap/Documents/piglets_detection/latest-data/Pen5_90808/20260715/2026-07-15__14_30_04#M.mp4,5,90808,20260715,287498132,motion
/Users/vineelap/Documents/piglets_detection/latest-data/Pen5_90808/20260715/2026-07-15__15_00_05#M.mp4,5,90808,20260715,287431094,motion
/Users/vineelap/Documents/piglets_detection/latest-data/Pen5_90808/20260715/2026-07-15__15_30_05#M.mp4,5,90808,20260715,287031787,motion
/Users/vineelap/Documents/piglets_detection/latest-data/Pen5_90808/20260715/2026-07-15__16_00_05#M.mp4,5,90808,20260715,286720082,motion
/Users/vineelap/Documents/piglets_detection/latest-data/Pen5_90808/20260715/2026-07-15__16_30_05#M.mp4,5,90808,20260715,286701344,motion
/Users/vineelap/Documents/piglets_detection/latest-data/Pen5_90808/20260715/2026-07-15__17_00_05#M.mp4,5,90808,20260715,287147653,motion
/Users/vineelap/Documents/piglets_detection/latest-data/Pen5_90808/20260716/2026-07-16__08_00_06#M.mp4,5,90808,20260716,286960001,motion
/Users/vineelap/Documents/piglets_detection/latest-data/Pen5_90808/20260716/2026-07-16__08_30_06#M.mp4,5,90808,20260716,286952067,motion
/Users/vineelap/Documents/piglets_detection/latest-data/Pen5_90808/20260716/2026-07-16__09_00_06#M.mp4,5,90808,20260716,287460118,motion
/Users/vineelap/Documents/piglets_detection/latest-data/Pen5_90808/20260716/2026-07-16__09_30_07#M.mp4,5,90808,20260716,287243003,motion
/Users/vineelap/Documents/piglets_detection/latest-data/Pen5_90808/20260716/2026-07-16__10_00_07#M.mp4,5,90808,20260716,286943556,motion
/Users/vineelap/Documents/piglets_detection/latest-data/Pen5_90808/20260716/2026-07-16__10_30_07#M.mp4,5,90808,20260716,286932131,motion
/Users/vineelap/Documents/piglets_detection/latest-data/Pen5_90808/20260716/2026-07-16__14_00_09#M.mp4,5,90808,20260716,286528487,motion
/Users/vineelap/Documents/piglets_detection/latest-data/Pen5_90808/20260716/2026-07-16__14_30_04#M.mp4,5,90808,20260716,287071427,motion
/Users/vineelap/Documents/piglets_detection/latest-data/Pen5_90808/20260716/2026-07-16__15_00_04#M.mp4,5,90808,20260716,286870388,motion
/Users/vineelap/Documents/piglets_detection/latest-data/Pen5_90808/20260716/2026-07-16__15_30_04#M.mp4,5,90808,20260716,287273834,motion
/Users/vineelap/Documents/piglets_detection/latest-data/Pen5_90808/20260716/2026-07-16__16_00_04#M.mp4,5,90808,20260716,287237052,motion
/Users/vineelap/Documents/piglets_detection/latest-data/Pen5_90808/20260716/2026-07-16__16_30_05#M.mp4,5,90808,20260716,286880288,motion
/Users/vineelap/Documents/piglets_detection/latest-data/Pen5_90808/20260716/2026-07-16__17_00_05#M.mp4,5,90808,20260716,286661074,motion
/Users/vineelap/Documents/piglets_detection/latest-data/Pen5_90808/20260717/2026-07-17__08_00_05#M.mp4,5,90808,20260717,287297989,motion
/Users/vineelap/Documents/piglets_detection/latest-data/Pen5_90808/20260717/2026-07-17__08_30_05#M.mp4,5,90808,20260717,287025478,motion
/Users/vineelap/Documents/piglets_detection/latest-data/Pen5_90808/20260717/2026-07-17__09_00_06#M.mp4,5,90808,20260717,286900908,motion
/Users/vineelap/Documents/piglets_detection/latest-data/Pen5_90808/20260717/2026-07-17__09_30_06#M.mp4,5,90808,20260717,286783219,motion
/Users/vineelap/Documents/piglets_detection/latest-data/Pen5_90808/20260717/2026-07-17__10_00_06#M.mp4,5,90808,20260717,286631842,motion
/Users/vineelap/Documents/piglets_detection/latest-data/Pen5_90808/20260717/2026-07-17__10_30_06#M.mp4,5,90808,20260717,287421639,motion
/Users/vineelap/Documents/piglets_detection/latest-data/Pen5_90808/20260717/2026-07-17__11_00_06#M.mp4,5,90808,20260717,287205339,motion
/Users/vineelap/Documents/piglets_detection/latest-data/Pen5_90808/20260717/2026-07-17__14_00_07#M.mp4,5,90808,20260717,287173331,motion
/Users/vineelap/Documents/piglets_detection/latest-data/Pen5_90808/20260717/2026-07-17__14_30_08#M.mp4,5,90808,20260717,286987110,motion
/Users/vineelap/Documents/piglets_detection/latest-data/Pen5_90808/20260717/2026-07-17__15_00_08#M.mp4,5,90808,20260717,286836873,motion
/Users/vineelap/Documents/piglets_detection/latest-data/Pen5_90808/20260717/2026-07-17__15_30_08#M.mp4,5,90808,20260717,287255522,motion
/Users/vineelap/Documents/piglets_detection/latest-data/Pen5_90808/20260717/2026-07-17__16_00_08#M.mp4,5,90808,20260717,287149305,motion
/Users/vineelap/Documents/piglets_detection/latest-data/Pen5_90808/20260717/2026-07-17__16_30_08#M.mp4,5,90808,20260717,286894054,motion
/Users/vineelap/Documents/piglets_detection/latest-data/Pen5_90808/20260717/2026-07-17__17_00_09#M.mp4,5,90808,20260717,286048597,motion
/Users/vineelap/Documents/piglets_detection/latest-data/Pen5_90808/20260718/2026-07-18__07_00_04#M.mp4,5,90808,20260718,287422512,motion
/Users/vineelap/Documents/piglets_detection/latest-data/Pen5_90808/20260718/2026-07-18__07_30_04#M.mp4,5,90808,20260718,287075805,motion
/Users/vineelap/Documents/piglets_detection/latest-data/Pen5_90808/20260718/2026-07-18__08_00_04#M.mp4,5,90808,20260718,286659862,motion
/Users/vineelap/Documents/piglets_detection/latest-data/Pen5_90808/20260718/2026-07-18__08_30_04#M.mp4,5,90808,20260718,287060641,motion
/Users/vineelap/Documents/piglets_detection/latest-data/Pen5_90808/20260718/2026-07-18__09_00_04#M.mp4,5,90808,20260718,286955502,motion
/Users/vineelap/Documents/piglets_detection/latest-data/Pen5_90808/20260718/2026-07-18__09_30_05#M.mp4,5,90808,20260718,287322587,motion
/Users/vineelap/Documents/piglets_detection/latest-data/Pen5_90808/20260718/2026-07-18__10_00_05#M.mp4,5,90808,20260718,286828827,motion
/Users/vineelap/Documents/piglets_detection/latest-data/Pen5_90808/20260718/2026-07-18__12_00_06#M.mp4,5,90808,20260718,287067149,motion
/Users/vineelap/Documents/piglets_detection/latest-data/Pen5_90808/20260718/2026-07-18__12_30_06#M.mp4,5,90808,20260718,286853492,motion
/Users/vineelap/Documents/piglets_detection/latest-data/Pen5_90808/20260718/2026-07-18__13_00_06#M.mp4,5,90808,20260718,286711527,motion
/Users/vineelap/Documents/piglets_detection/latest-data/Pen5_90808/20260718/2026-07-18__13_30_06#M.mp4,5,90808,20260718,286654070,motion
/Users/vineelap/Documents/piglets_detection/latest-data/Pen5_90808/20260718/2026-07-18__14_00_06#M.mp4,5,90808,20260718,287422184,motion
/Users/vineelap/Documents/piglets_detection/latest-data/Pen5_90808/20260718/2026-07-18__14_30_07#M.mp4,5,90808,20260718,287077611,motion
/Users/vineelap/Documents/piglets_detection/latest-data/Pen5_90808/20260718/2026-07-18__15_00_07#M.mp4,5,90808,20260718,286933401,motion
/Users/vineelap/Documents/piglets_detection/latest-data/Pen5_90808/20260718/2026-07-18__15_30_07#M.mp4,5,90808,20260718,286672620,motion
/Users/vineelap/Documents/piglets_detection/latest-data/Pen5_90808/20260718/2026-07-18__16_00_07#M.mp4,5,90808,20260718,287121812,motion
/Users/vineelap/Documents/piglets_detection/latest-data/Pen5_90808/20260719/2026-07-19__07_00_08#M.mp4,5,90808,20260719,286901486,motion
/Users/vineelap/Documents/piglets_detection/latest-data/Pen5_90808/20260719/2026-07-19__07_30_08#M.mp4,5,90808,20260719,287107766,motion
/Users/vineelap/Documents/piglets_detection/latest-data/Pen5_90808/20260719/2026-07-19__08_00_08#M.mp4,5,90808,20260719,287191730,motion
/Users/vineelap/Documents/piglets_detection/latest-data/Pen5_90808/20260719/2026-07-19__08_30_08#M.mp4,5,90808,20260719,287373714,motion
/Users/vineelap/Documents/piglets_detection/latest-data/Pen5_90808/20260719/2026-07-19__09_00_08#M.mp4,5,90808,20260719,286394317,motion
/Users/vineelap/Documents/piglets_detection/latest-data/Pen5_90808/20260719/2026-07-19__09_30_04#M.mp4,5,90808,20260719,286918598,motion
/Users/vineelap/Documents/piglets_detection/latest-data/Pen5_90808/20260719/2026-07-19__10_00_04#M.mp4,5,90808,20260719,287150507,motion
/Users/vineelap/Documents/piglets_detection/latest-data/Pen5_90808/20260722/2026-07-22__12_13_57#M.mp4,5,90808,20260722,9906178,motion
/Users/vineelap/Documents/piglets_detection/latest-data/Pen5_90808/20260722/2026-07-22__12_30_08#M.mp4,5,90808,20260722,22650546,motion
/Users/vineelap/Documents/piglets_detection/latest-data/Pen5_90808/20260722/2026-07-22__13_04_15#M.mp4,5,90808,20260722,247073055,motion
/Users/vineelap/Documents/piglets_detection/latest-data/Pen5_90808/20260722/2026-07-22__13_30_06#M.mp4,5,90808,20260722,282093272,motion
/Users/vineelap/Documents/piglets_detection/latest-data/Pen5_90808/20260722/2026-07-22__14_00_06#M.mp4,5,90808,20260722,281909223,motion
/Users/vineelap/Documents/piglets_detection/latest-data/Pen5_90808/20260722/2026-07-22__14_30_06#M.mp4,5,90808,20260722,282408108,motion
/Users/vineelap/Documents/piglets_detection/latest-data/Pen5_90808/20260722/2026-07-22__15_00_06#M.mp4,5,90808,20260722,282115894,motion
/Users/vineelap/Documents/piglets_detection/latest-data/Pen5_90808/20260722/2026-07-22__15_30_06#M.mp4,5,90808,20260722,282029386,motion
/Users/vineelap/Documents/piglets_detection/latest-data/Pen5_90808/20260722/2026-07-22__16_00_07#M.mp4,5,90808,20260722,282291174,motion
/Users/vineelap/Documents/piglets_detection/latest-data/Pen5_90808/20260722/2026-07-22__16_30_07#M.mp4,5,90808,20260722,282465782,motion
/Users/vineelap/Documents/piglets_detection/latest-data/Pen5_90808/20260722/2026-07-22__17_00_07#M.mp4,5,90808,20260722,282387330,motion
/Users/vineelap/Documents/piglets_detection/latest-data/Pen5_90808/20260722/2026-07-22__17_30_07#M.mp4,5,90808,20260722,282198136,motion
/Users/vineelap/Documents/piglets_detection/latest-data/Pen5_90808/20260722/2026-07-22__18_00_07#M.mp4,5,90808,20260722,282129866,motion
/Users/vineelap/Documents/piglets_detection/latest-data/Pen5_90808/20260722/2026-07-22__18_30_07#M.mp4,5,90808,20260722,282108528,motion
/Users/vineelap/Documents/piglets_detection/latest-data/Pen5_90808/20260722/2026-07-22__19_00_08#M.mp4,5,90808,20260722,281978782,motion
/Users/vineelap/Documents/piglets_detection/latest-data/Pen5_90808/20260722/2026-07-22__19_30_08#M.mp4,5,90808,20260722,282546763,motion
/Users/vineelap/Documents/piglets_detection/latest-data/Pen5_90808/20260722/2026-07-22__20_00_08#M.mp4,5,90808,20260722,282422842,motion
/Users/vineelap/Documents/piglets_detection/latest-data/Pen5_90808/20260722/2026-07-22__20_30_08#M.mp4,5,90808,20260722,282290875,motion
/Users/vineelap/Documents/piglets_detection/latest-data/Pen5_90808/20260722/2026-07-22__21_00_08#M.mp4,5,90808,20260722,282222186,motion
/Users/vineelap/Documents/piglets_detection/latest-data/Pen5_90808/20260722/2026-07-22__21_30_09#M.mp4,5,90808,20260722,281469929,motion
/Users/vineelap/Documents/piglets_detection/latest-data/Pen5_90808/20260722/2026-07-22__22_00_04#M.mp4,5,90808,20260722,282592715,motion
/Users/vineelap/Documents/piglets_detection/latest-data/Pen5_90808/20260722/2026-07-22__22_30_04#M.mp4,5,90808,20260722,282495346,motion
/Users/vineelap/Documents/piglets_detection/latest-data/Pen5_90808/20260722/2026-07-22__23_00_04#M.mp4,5,90808,20260722,282478743,motion
/Users/vineelap/Documents/piglets_detection/latest-data/Pen5_90808/20260722/2026-07-22__23_30_04#M.mp4,5,90808,20260722,282478045,motion
